{
    "00-00-00-00-00-03": {
        "calib": {
            "c_scale_1": 0.0023223, 
            "c_scale_2": 0.0023223, 
            "p_scale": 5e-07, 
            "v_scale_1": 0.025584, 
            "v_scale_2": 0.025584
        }, 
        "power": []
    }
}